<?xml version="1.0" encoding="UTF-8"?>
<config xmlns="http://www.knime.org/2008/09/XMLConfig" xmlns:xsi="http://www.w3.org/2001/XMLSchema-instance" xsi:schemaLocation="http://www.knime.org/2008/09/XMLConfig http://www.knime.org/XMLConfig_2008_09.xsd" key="MiningSchema">
    <config key="learning">
        <entry key="array-size" type="xint" value="11"/>
        <entry key="0" type="xstring" value="crim"/>
        <entry key="1" type="xstring" value="indus"/>
        <entry key="2" type="xstring" value="chas"/>
        <entry key="3" type="xstring" value="nox"/>
        <entry key="4" type="xstring" value="age"/>
        <entry key="5" type="xstring" value="dis"/>
        <entry key="6" type="xstring" value="rad"/>
        <entry key="7" type="xstring" value="tax"/>
        <entry key="8" type="xstring" value="ptratio"/>
        <entry key="9" type="xstring" value="black"/>
        <entry key="10" type="xstring" value="lstat"/>
    </config>
    <config key="target">
        <entry key="array-size" type="xint" value="1"/>
        <entry key="0" type="xstring" value="medv"/>
    </config>
</config>
